{"CARBON_FOOTPRINT": 0.01326013255315674, "ENERGY_SCORE": 0.0003315033138289185}